file,line,type,commit,author,date,time,timezone,datetime,depth,length
stye.css,1,css,40d579e4,Anna Rosenbaum,2026-04-09,15:07:15,-07:00,2026-04-09T15:07:15-07:00,0,5
stye.css,2,css,40d579e4,Anna Rosenbaum,2026-04-09,15:07:15,-07:00,2026-04-09T15:07:15-07:00,1,33
stye.css,3,css,40d579e4,Anna Rosenbaum,2026-04-09,15:07:15,-07:00,2026-04-09T15:07:15-07:00,0,0
stye.css,4,css,40d579e4,Anna Rosenbaum,2026-04-09,15:07:15,-07:00,2026-04-09T15:07:15-07:00,0,0
stye.css,5,css,40d579e4,Anna Rosenbaum,2026-04-09,15:07:15,-07:00,2026-04-09T15:07:15-07:00,0,4
stye.css,6,css,40d579e4,Anna Rosenbaum,2026-04-09,15:07:15,-07:00,2026-04-09T15:07:15-07:00,1,32
stye.css,7,css,9b6d63c7,Anna Rosenbaum,2026-04-17,08:54:41,-07:00,2026-04-17T08:54:41-07:00,1,23
stye.css,8,css,40d579e4,Anna Rosenbaum,2026-04-09,15:07:15,-07:00,2026-04-09T15:07:15-07:00,0,0
stye.css,9,css,40d579e4,Anna Rosenbaum,2026-04-09,15:07:15,-07:00,2026-04-09T15:07:15-07:00,0,0
stye.css,10,css,a338ebaa,Anna Rosenbaum,2026-04-02,09:08:10,-07:00,2026-04-02T09:08:10-07:00,0,4
stye.css,11,css,a338ebaa,Anna Rosenbaum,2026-04-02,09:08:10,-07:00,2026-04-02T09:08:10-07:00,1,43
stye.css,12,css,9b6d63c7,Anna Rosenbaum,2026-04-17,08:54:41,-07:00,2026-04-17T08:54:41-07:00,2,42
stye.css,13,css,9b6d63c7,Anna Rosenbaum,2026-04-17,08:54:41,-07:00,2026-04-17T08:54:41-07:00,1,0
stye.css,14,css,a338ebaa,Anna Rosenbaum,2026-04-02,09:08:10,-07:00,2026-04-02T09:08:10-07:00,1,23
stye.css,15,css,bac7daac,Anna Rosenbaum,2026-04-09,14:51:01,-07:00,2026-04-09T14:51:01-07:00,1,15
stye.css,16,css,7ab17da6,Anna Rosenbaum,2026-04-09,14:36:33,-07:00,2026-04-09T14:36:33-07:00,1,18
stye.css,17,css,88702d33,Anna Rosenbaum,2026-04-09,14:51:57,-07:00,2026-04-09T14:51:57-07:00,1,19
stye.css,18,css,18b04c22,Anna Rosenbaum,2026-04-09,14:59:04,-07:00,2026-04-09T14:59:04-07:00,0,0
stye.css,19,css,9b6d63c7,Anna Rosenbaum,2026-04-17,08:54:41,-07:00,2026-04-17T08:54:41-07:00,0,0
stye.css,20,css,18b04c22,Anna Rosenbaum,2026-04-09,14:59:04,-07:00,2026-04-09T14:59:04-07:00,0,3
stye.css,21,css,9b6d63c7,Anna Rosenbaum,2026-04-17,08:54:41,-07:00,2026-04-17T08:54:41-07:00,1,39
stye.css,22,css,18b04c22,Anna Rosenbaum,2026-04-09,14:59:04,-07:00,2026-04-09T14:59:04-07:00,1,12
stye.css,23,css,18b04c22,Anna Rosenbaum,2026-04-09,14:59:04,-07:00,2026-04-09T14:59:04-07:00,1,18
stye.css,24,css,9b6d63c7,Anna Rosenbaum,2026-04-17,08:54:41,-07:00,2026-04-17T08:54:41-07:00,1,43
stye.css,25,css,18b04c22,Anna Rosenbaum,2026-04-09,14:59:04,-07:00,2026-04-09T14:59:04-07:00,0,0
stye.css,26,css,18b04c22,Anna Rosenbaum,2026-04-09,14:59:04,-07:00,2026-04-09T14:59:04-07:00,0,0
stye.css,27,css,18b04c22,Anna Rosenbaum,2026-04-09,14:59:04,-07:00,2026-04-09T14:59:04-07:00,0,5
stye.css,28,css,18b04c22,Anna Rosenbaum,2026-04-09,14:59:04,-07:00,2026-04-09T14:59:04-07:00,1,20
stye.css,29,css,18b04c22,Anna Rosenbaum,2026-04-09,14:59:04,-07:00,2026-04-09T14:59:04-07:00,1,13
stye.css,30,css,18b04c22,Anna Rosenbaum,2026-04-09,14:59:04,-07:00,2026-04-09T14:59:04-07:00,1,17
stye.css,31,css,18b04c22,Anna Rosenbaum,2026-04-09,14:59:04,-07:00,2026-04-09T14:59:04-07:00,1,13
stye.css,32,css,18b04c22,Anna Rosenbaum,2026-04-09,14:59:04,-07:00,2026-04-09T14:59:04-07:00,1,6
stye.css,33,css,18b04c22,Anna Rosenbaum,2026-04-09,14:59:04,-07:00,2026-04-09T14:59:04-07:00,0,0
stye.css,34,css,18b04c22,Anna Rosenbaum,2026-04-09,14:59:04,-07:00,2026-04-09T14:59:04-07:00,0,0
stye.css,35,css,9aedae8b,Anna Rosenbaum,2026-04-17,08:48:18,-07:00,2026-04-17T08:48:18-07:00,0,13
stye.css,36,css,9b6d63c7,Anna Rosenbaum,2026-04-17,08:54:41,-07:00,2026-04-17T08:54:41-07:00,1,45
stye.css,37,css,18b04c22,Anna Rosenbaum,2026-04-09,14:59:04,-07:00,2026-04-09T14:59:04-07:00,1,20
stye.css,38,css,40d579e4,Anna Rosenbaum,2026-04-09,15:07:15,-07:00,2026-04-09T15:07:15-07:00,0,0
stye.css,39,css,9b6d63c7,Anna Rosenbaum,2026-04-17,08:54:41,-07:00,2026-04-17T08:54:41-07:00,0,0
stye.css,40,css,40d579e4,Anna Rosenbaum,2026-04-09,15:07:15,-07:00,2026-04-09T15:07:15-07:00,0,11
stye.css,41,css,40d579e4,Anna Rosenbaum,2026-04-09,15:07:15,-07:00,2026-04-09T15:07:15-07:00,1,45
stye.css,42,css,40d579e4,Anna Rosenbaum,2026-04-09,15:07:15,-07:00,2026-04-09T15:07:15-07:00,1,20
stye.css,43,css,9b6d63c7,Anna Rosenbaum,2026-04-17,08:54:41,-07:00,2026-04-17T08:54:41-07:00,1,69
stye.css,44,css,c95a2885,Anna Rosenbaum,2026-04-09,15:11:38,-07:00,2026-04-09T15:11:38-07:00,0,0
stye.css,45,css,9b6d63c7,Anna Rosenbaum,2026-04-17,08:54:41,-07:00,2026-04-17T08:54:41-07:00,0,0
stye.css,46,css,9b6d63c7,Anna Rosenbaum,2026-04-17,08:54:41,-07:00,2026-04-17T08:54:41-07:00,0,31
stye.css,47,css,c95a2885,Anna Rosenbaum,2026-04-09,15:11:38,-07:00,2026-04-09T15:11:38-07:00,1,12
stye.css,48,css,c95a2885,Anna Rosenbaum,2026-04-09,15:11:38,-07:00,2026-04-09T15:11:38-07:00,0,0
stye.css,49,css,c95a2885,Anna Rosenbaum,2026-04-09,15:11:38,-07:00,2026-04-09T15:11:38-07:00,0,0
stye.css,50,css,c95a2885,Anna Rosenbaum,2026-04-09,15:11:38,-07:00,2026-04-09T15:11:38-07:00,0,4
stye.css,51,css,c95a2885,Anna Rosenbaum,2026-04-09,15:11:38,-07:00,2026-04-09T15:11:38-07:00,1,12
stye.css,52,css,c95a2885,Anna Rosenbaum,2026-04-09,15:11:38,-07:00,2026-04-09T15:11:38-07:00,1,30
stye.css,53,css,c95a2885,Anna Rosenbaum,2026-04-09,15:11:38,-07:00,2026-04-09T15:11:38-07:00,1,7
stye.css,54,css,c95a2885,Anna Rosenbaum,2026-04-09,15:11:38,-07:00,2026-04-09T15:11:38-07:00,0,0
stye.css,55,css,c95a2885,Anna Rosenbaum,2026-04-09,15:11:38,-07:00,2026-04-09T15:11:38-07:00,0,0
stye.css,56,css,c95a2885,Anna Rosenbaum,2026-04-09,15:11:38,-07:00,2026-04-09T15:11:38-07:00,0,5
stye.css,57,css,c95a2885,Anna Rosenbaum,2026-04-09,15:11:38,-07:00,2026-04-09T15:11:38-07:00,1,12
stye.css,58,css,c95a2885,Anna Rosenbaum,2026-04-09,15:11:38,-07:00,2026-04-09T15:11:38-07:00,1,29
stye.css,59,css,c95a2885,Anna Rosenbaum,2026-04-09,15:11:38,-07:00,2026-04-09T15:11:38-07:00,1,18
stye.css,60,css,c95a2885,Anna Rosenbaum,2026-04-09,15:11:38,-07:00,2026-04-09T15:11:38-07:00,0,0
stye.css,61,css,c95a2885,Anna Rosenbaum,2026-04-09,15:11:38,-07:00,2026-04-09T15:11:38-07:00,0,0
stye.css,62,css,c95a2885,Anna Rosenbaum,2026-04-09,15:11:38,-07:00,2026-04-09T15:11:38-07:00,0,6
stye.css,63,css,c95a2885,Anna Rosenbaum,2026-04-09,15:11:38,-07:00,2026-04-09T15:11:38-07:00,1,18
stye.css,64,css,1d65849b,Anna Rosenbaum,2026-04-09,15:14:19,-07:00,2026-04-09T15:14:19-07:00,0,0
stye.css,65,css,9b6d63c7,Anna Rosenbaum,2026-04-17,08:54:41,-07:00,2026-04-17T08:54:41-07:00,0,0
stye.css,66,css,9b6d63c7,Anna Rosenbaum,2026-04-17,08:54:41,-07:00,2026-04-17T08:54:41-07:00,0,13
stye.css,67,css,9b6d63c7,Anna Rosenbaum,2026-04-17,08:54:41,-07:00,2026-04-17T08:54:41-07:00,1,17
stye.css,68,css,9b6d63c7,Anna Rosenbaum,2026-04-17,08:54:41,-07:00,2026-04-17T08:54:41-07:00,1,8
stye.css,69,css,9b6d63c7,Anna Rosenbaum,2026-04-17,08:54:41,-07:00,2026-04-17T08:54:41-07:00,1,10
stye.css,70,css,9b6d63c7,Anna Rosenbaum,2026-04-17,08:54:41,-07:00,2026-04-17T08:54:41-07:00,1,13
stye.css,71,css,9b6d63c7,Anna Rosenbaum,2026-04-17,08:54:41,-07:00,2026-04-17T08:54:41-07:00,1,19
stye.css,72,css,9b6d63c7,Anna Rosenbaum,2026-04-17,08:54:41,-07:00,2026-04-17T08:54:41-07:00,0,0
stye.css,73,css,9b6d63c7,Anna Rosenbaum,2026-04-17,08:54:41,-07:00,2026-04-17T08:54:41-07:00,0,0
stye.css,74,css,1d65849b,Anna Rosenbaum,2026-04-09,15:14:19,-07:00,2026-04-09T15:14:19-07:00,0,22
stye.css,75,css,1d65849b,Anna Rosenbaum,2026-04-09,15:14:19,-07:00,2026-04-09T15:14:19-07:00,1,15
stye.css,76,css,1d65849b,Anna Rosenbaum,2026-04-09,15:14:19,-07:00,2026-04-09T15:14:19-07:00,1,17
stye.css,77,css,1d65849b,Anna Rosenbaum,2026-04-09,15:14:19,-07:00,2026-04-09T15:14:19-07:00,0,0
stye.css,78,css,1d65849b,Anna Rosenbaum,2026-04-09,15:14:19,-07:00,2026-04-09T15:14:19-07:00,0,0
stye.css,79,css,1d65849b,Anna Rosenbaum,2026-04-09,15:14:19,-07:00,2026-04-09T15:14:19-07:00,0,2
stye.css,80,css,1d65849b,Anna Rosenbaum,2026-04-09,15:14:19,-07:00,2026-04-09T15:14:19-07:00,1,14
stye.css,81,css,1d65849b,Anna Rosenbaum,2026-04-09,15:14:19,-07:00,2026-04-09T15:14:19-07:00,0,0
stye.css,82,css,1d65849b,Anna Rosenbaum,2026-04-09,15:14:19,-07:00,2026-04-09T15:14:19-07:00,0,0
stye.css,83,css,1d65849b,Anna Rosenbaum,2026-04-09,15:14:19,-07:00,2026-04-09T15:14:19-07:00,0,9
stye.css,84,css,1d65849b,Anna Rosenbaum,2026-04-09,15:14:19,-07:00,2026-04-09T15:14:19-07:00,1,12
stye.css,85,css,1d65849b,Anna Rosenbaum,2026-04-09,15:14:19,-07:00,2026-04-09T15:14:19-07:00,1,58
stye.css,86,css,1d65849b,Anna Rosenbaum,2026-04-09,15:14:19,-07:00,2026-04-09T15:14:19-07:00,1,7
stye.css,87,css,1d65849b,Anna Rosenbaum,2026-04-09,15:14:19,-07:00,2026-04-09T15:14:19-07:00,0,0
stye.css,88,css,1d65849b,Anna Rosenbaum,2026-04-09,15:14:19,-07:00,2026-04-09T15:14:19-07:00,0,0
stye.css,89,css,1d65849b,Anna Rosenbaum,2026-04-09,15:14:19,-07:00,2026-04-09T15:14:19-07:00,0,17
stye.css,90,css,1d65849b,Anna Rosenbaum,2026-04-09,15:14:19,-07:00,2026-04-09T15:14:19-07:00,1,12
stye.css,91,css,1d65849b,Anna Rosenbaum,2026-04-09,15:14:19,-07:00,2026-04-09T15:14:19-07:00,1,26
stye.css,92,css,1d65849b,Anna Rosenbaum,2026-04-09,15:14:19,-07:00,2026-04-09T15:14:19-07:00,1,15
stye.css,93,css,1d65849b,Anna Rosenbaum,2026-04-09,15:14:19,-07:00,2026-04-09T15:14:19-07:00,1,8
stye.css,94,css,1d65849b,Anna Rosenbaum,2026-04-09,15:14:19,-07:00,2026-04-09T15:14:19-07:00,0,0
stye.css,95,css,1d65849b,Anna Rosenbaum,2026-04-09,15:14:19,-07:00,2026-04-09T15:14:19-07:00,0,0
stye.css,96,css,1d65849b,Anna Rosenbaum,2026-04-09,15:14:19,-07:00,2026-04-09T15:14:19-07:00,0,20
stye.css,97,css,1d65849b,Anna Rosenbaum,2026-04-09,15:14:19,-07:00,2026-04-09T15:14:19-07:00,1,8
stye.css,98,css,1d65849b,Anna Rosenbaum,2026-04-09,15:14:19,-07:00,2026-04-09T15:14:19-07:00,0,0
stye.css,99,css,1d65849b,Anna Rosenbaum,2026-04-09,15:14:19,-07:00,2026-04-09T15:14:19-07:00,0,0
stye.css,100,css,1d65849b,Anna Rosenbaum,2026-04-09,15:14:19,-07:00,2026-04-09T15:14:19-07:00,0,21
stye.css,101,css,1d65849b,Anna Rosenbaum,2026-04-09,15:14:19,-07:00,2026-04-09T15:14:19-07:00,1,10
stye.css,102,css,591606d9,Anna Rosenbaum,2026-04-09,15:15:43,-07:00,2026-04-09T15:15:43-07:00,0,0
stye.css,103,css,9b6d63c7,Anna Rosenbaum,2026-04-17,08:54:41,-07:00,2026-04-17T08:54:41-07:00,0,0
stye.css,104,css,591606d9,Anna Rosenbaum,2026-04-09,15:15:43,-07:00,2026-04-09T15:15:43-07:00,0,22
stye.css,105,css,591606d9,Anna Rosenbaum,2026-04-09,15:15:43,-07:00,2026-04-09T15:15:43-07:00,0,7
stye.css,106,css,591606d9,Anna Rosenbaum,2026-04-09,15:15:43,-07:00,2026-04-09T15:15:43-07:00,1,16
stye.css,107,css,591606d9,Anna Rosenbaum,2026-04-09,15:15:43,-07:00,2026-04-09T15:15:43-07:00,1,38
stye.css,108,css,591606d9,Anna Rosenbaum,2026-04-09,15:15:43,-07:00,2026-04-09T15:15:43-07:00,1,15
stye.css,109,css,591606d9,Anna Rosenbaum,2026-04-09,15:15:43,-07:00,2026-04-09T15:15:43-07:00,0,0
stye.css,110,css,591606d9,Anna Rosenbaum,2026-04-09,15:15:43,-07:00,2026-04-09T15:15:43-07:00,0,0
stye.css,111,css,591606d9,Anna Rosenbaum,2026-04-09,15:15:43,-07:00,2026-04-09T15:15:43-07:00,0,17
stye.css,112,css,02188ca6,Anna Rosenbaum,2026-04-09,15:18:11,-07:00,2026-04-09T15:18:11-07:00,1,24
stye.css,113,css,591606d9,Anna Rosenbaum,2026-04-09,15:15:43,-07:00,2026-04-09T15:15:43-07:00,1,14
stye.css,114,css,591606d9,Anna Rosenbaum,2026-04-09,15:15:43,-07:00,2026-04-09T15:15:43-07:00,1,18
stye.css,115,css,591606d9,Anna Rosenbaum,2026-04-09,15:15:43,-07:00,2026-04-09T15:15:43-07:00,0,0
stye.css,116,css,591606d9,Anna Rosenbaum,2026-04-09,15:15:43,-07:00,2026-04-09T15:15:43-07:00,0,0
stye.css,117,css,591606d9,Anna Rosenbaum,2026-04-09,15:15:43,-07:00,2026-04-09T15:15:43-07:00,0,15
stye.css,118,css,591606d9,Anna Rosenbaum,2026-04-09,15:15:43,-07:00,2026-04-09T15:15:43-07:00,1,18
stye.css,119,css,591606d9,Anna Rosenbaum,2026-04-09,15:15:43,-07:00,2026-04-09T15:15:43-07:00,1,16
stye.css,120,css,02188ca6,Anna Rosenbaum,2026-04-09,15:18:11,-07:00,2026-04-09T15:18:11-07:00,1,40
stye.css,121,css,591606d9,Anna Rosenbaum,2026-04-09,15:15:43,-07:00,2026-04-09T15:15:43-07:00,0,0
stye.css,122,css,591606d9,Anna Rosenbaum,2026-04-09,15:15:43,-07:00,2026-04-09T15:15:43-07:00,0,0
stye.css,123,css,591606d9,Anna Rosenbaum,2026-04-09,15:15:43,-07:00,2026-04-09T15:15:43-07:00,0,18
stye.css,124,css,591606d9,Anna Rosenbaum,2026-04-09,15:15:43,-07:00,2026-04-09T15:15:43-07:00,1,8
stye.css,125,css,591606d9,Anna Rosenbaum,2026-04-09,15:15:43,-07:00,2026-04-09T15:15:43-07:00,1,14
stye.css,126,css,591606d9,Anna Rosenbaum,2026-04-09,15:15:43,-07:00,2026-04-09T15:15:43-07:00,0,0
stye.css,127,css,591606d9,Anna Rosenbaum,2026-04-09,15:15:43,-07:00,2026-04-09T15:15:43-07:00,0,0
stye.css,128,css,591606d9,Anna Rosenbaum,2026-04-09,15:15:43,-07:00,2026-04-09T15:15:43-07:00,0,17
stye.css,129,css,591606d9,Anna Rosenbaum,2026-04-09,15:15:43,-07:00,2026-04-09T15:15:43-07:00,1,14
stye.css,130,css,591606d9,Anna Rosenbaum,2026-04-09,15:15:43,-07:00,2026-04-09T15:15:43-07:00,1,21
stye.css,131,css,591606d9,Anna Rosenbaum,2026-04-09,15:15:43,-07:00,2026-04-09T15:15:43-07:00,0,0
stye.css,132,css,591606d9,Anna Rosenbaum,2026-04-09,15:15:43,-07:00,2026-04-09T15:15:43-07:00,0,0
stye.css,133,css,591606d9,Anna Rosenbaum,2026-04-09,15:15:43,-07:00,2026-04-09T15:15:43-07:00,0,10
stye.css,134,css,591606d9,Anna Rosenbaum,2026-04-09,15:15:43,-07:00,2026-04-09T15:15:43-07:00,1,14
stye.css,135,css,591606d9,Anna Rosenbaum,2026-04-09,15:15:43,-07:00,2026-04-09T15:15:43-07:00,1,18
stye.css,136,css,591606d9,Anna Rosenbaum,2026-04-09,15:15:43,-07:00,2026-04-09T15:15:43-07:00,0,0
stye.css,137,css,591606d9,Anna Rosenbaum,2026-04-09,15:15:43,-07:00,2026-04-09T15:15:43-07:00,0,0
stye.css,138,css,591606d9,Anna Rosenbaum,2026-04-09,15:15:43,-07:00,2026-04-09T15:15:43-07:00,0,13
stye.css,139,css,591606d9,Anna Rosenbaum,2026-04-09,15:15:43,-07:00,2026-04-09T15:15:43-07:00,1,18
stye.css,140,css,591606d9,Anna Rosenbaum,2026-04-09,15:15:43,-07:00,2026-04-09T15:15:43-07:00,0,0
stye.css,141,css,591606d9,Anna Rosenbaum,2026-04-09,15:15:43,-07:00,2026-04-09T15:15:43-07:00,0,0
stye.css,142,css,591606d9,Anna Rosenbaum,2026-04-09,15:15:43,-07:00,2026-04-09T15:15:43-07:00,0,4
stye.css,143,css,591606d9,Anna Rosenbaum,2026-04-09,15:15:43,-07:00,2026-04-09T15:15:43-07:00,1,17
stye.css,144,css,591606d9,Anna Rosenbaum,2026-04-09,15:15:43,-07:00,2026-04-09T15:15:43-07:00,1,21
stye.css,145,css,14720066,Anna Rosenbaum,2026-04-30,08:55:05,-07:00,2026-04-30T08:55:05-07:00,0,0
stye.css,146,css,14720066,Anna Rosenbaum,2026-04-30,08:55:05,-07:00,2026-04-30T08:55:05-07:00,0,13
stye.css,147,css,14720066,Anna Rosenbaum,2026-04-30,08:55:05,-07:00,2026-04-30T08:55:05-07:00,1,30
stye.css,148,css,14720066,Anna Rosenbaum,2026-04-30,08:55:05,-07:00,2026-04-30T08:55:05-07:00,1,34
stye.css,149,css,14720066,Anna Rosenbaum,2026-04-30,08:55:05,-07:00,2026-04-30T08:55:05-07:00,1,21
stye.css,150,css,14720066,Anna Rosenbaum,2026-04-30,08:55:05,-07:00,2026-04-30T08:55:05-07:00,0,0
stye.css,151,css,423544ab,Anna Rosenbaum,2026-04-30,09:00:47,-07:00,2026-04-30T09:00:47-07:00,0,10
stye.css,152,css,423544ab,Anna Rosenbaum,2026-04-30,09:00:47,-07:00,2026-04-30T09:00:47-07:00,1,12
stye.css,153,css,423544ab,Anna Rosenbaum,2026-04-30,09:00:47,-07:00,2026-04-30T09:00:47-07:00,1,18
stye.css,154,css,423544ab,Anna Rosenbaum,2026-04-30,09:00:47,-07:00,2026-04-30T09:00:47-07:00,1,7
stye.css,155,css,423544ab,Anna Rosenbaum,2026-04-30,09:00:47,-07:00,2026-04-30T09:00:47-07:00,1,16
stye.css,156,css,423544ab,Anna Rosenbaum,2026-04-30,09:00:47,-07:00,2026-04-30T09:00:47-07:00,0,0
stye.css,157,css,423544ab,Anna Rosenbaum,2026-04-30,09:00:47,-07:00,2026-04-30T09:00:47-07:00,0,0
stye.css,158,css,14720066,Anna Rosenbaum,2026-04-30,08:55:05,-07:00,2026-04-30T08:55:05-07:00,0,18
stye.css,159,css,14720066,Anna Rosenbaum,2026-04-30,08:55:05,-07:00,2026-04-30T08:55:05-07:00,1,14
stye.css,160,css,14720066,Anna Rosenbaum,2026-04-30,08:55:05,-07:00,2026-04-30T08:55:05-07:00,1,16
stye.css,161,css,423544ab,Anna Rosenbaum,2026-04-30,09:00:47,-07:00,2026-04-30T09:00:47-07:00,1,13
stye.css,162,css,423544ab,Anna Rosenbaum,2026-04-30,09:00:47,-07:00,2026-04-30T09:00:47-07:00,0,0
stye.css,163,css,423544ab,Anna Rosenbaum,2026-04-30,09:00:47,-07:00,2026-04-30T09:00:47-07:00,0,0
stye.css,164,css,423544ab,Anna Rosenbaum,2026-04-30,09:00:47,-07:00,2026-04-30T09:00:47-07:00,0,23
stye.css,165,css,423544ab,Anna Rosenbaum,2026-04-30,09:00:47,-07:00,2026-04-30T09:00:47-07:00,1,14
stye.css,166,css,423544ab,Anna Rosenbaum,2026-04-30,09:00:47,-07:00,2026-04-30T09:00:47-07:00,1,16
stye.css,167,css,423544ab,Anna Rosenbaum,2026-04-30,09:00:47,-07:00,2026-04-30T09:00:47-07:00,0,0
stye.css,168,css,423544ab,Anna Rosenbaum,2026-04-30,09:00:47,-07:00,2026-04-30T09:00:47-07:00,0,0
stye.css,169,css,423544ab,Anna Rosenbaum,2026-04-30,09:00:47,-07:00,2026-04-30T09:00:47-07:00,0,51
stye.css,170,css,423544ab,Anna Rosenbaum,2026-04-30,09:00:47,-07:00,2026-04-30T09:00:47-07:00,1,11
stye.css,171,css,423544ab,Anna Rosenbaum,2026-04-30,09:00:47,-07:00,2026-04-30T09:00:47-07:00,0,0
stye.css,172,css,423544ab,Anna Rosenbaum,2026-04-30,09:00:47,-07:00,2026-04-30T09:00:47-07:00,0,0
stye.css,173,css,423544ab,Anna Rosenbaum,2026-04-30,09:00:47,-07:00,2026-04-30T09:00:47-07:00,0,7
stye.css,174,css,423544ab,Anna Rosenbaum,2026-04-30,09:00:47,-07:00,2026-04-30T09:00:47-07:00,1,12
stye.css,175,css,423544ab,Anna Rosenbaum,2026-04-30,09:00:47,-07:00,2026-04-30T09:00:47-07:00,1,57
stye.css,176,css,423544ab,Anna Rosenbaum,2026-04-30,09:00:47,-07:00,2026-04-30T09:00:47-07:00,1,7
stye.css,177,css,423544ab,Anna Rosenbaum,2026-04-30,09:00:47,-07:00,2026-04-30T09:00:47-07:00,1,11
stye.css,178,css,423544ab,Anna Rosenbaum,2026-04-30,09:00:47,-07:00,2026-04-30T09:00:47-07:00,1,8
stye.css,179,css,423544ab,Anna Rosenbaum,2026-04-30,09:00:47,-07:00,2026-04-30T09:00:47-07:00,1,34
stye.css,180,css,423544ab,Anna Rosenbaum,2026-04-30,09:00:47,-07:00,2026-04-30T09:00:47-07:00,1,6
stye.css,181,css,423544ab,Anna Rosenbaum,2026-04-30,09:00:47,-07:00,2026-04-30T09:00:47-07:00,1,15
stye.css,182,css,423544ab,Anna Rosenbaum,2026-04-30,09:00:47,-07:00,2026-04-30T09:00:47-07:00,0,0
stye.css,183,css,423544ab,Anna Rosenbaum,2026-04-30,09:00:47,-07:00,2026-04-30T09:00:47-07:00,0,0
stye.css,184,css,423544ab,Anna Rosenbaum,2026-04-30,09:00:47,-07:00,2026-04-30T09:00:47-07:00,0,12
stye.css,185,css,423544ab,Anna Rosenbaum,2026-04-30,09:00:47,-07:00,2026-04-30T09:00:47-07:00,1,12
stye.css,186,css,423544ab,Anna Rosenbaum,2026-04-30,09:00:47,-07:00,2026-04-30T09:00:47-07:00,1,18
stye.css,187,css,423544ab,Anna Rosenbaum,2026-04-30,09:00:47,-07:00,2026-04-30T09:00:47-07:00,1,9
stye.css,188,css,423544ab,Anna Rosenbaum,2026-04-30,09:00:47,-07:00,2026-04-30T09:00:47-07:00,0,0
stye.css,189,css,423544ab,Anna Rosenbaum,2026-04-30,09:00:47,-07:00,2026-04-30T09:00:47-07:00,0,0
stye.css,190,css,423544ab,Anna Rosenbaum,2026-04-30,09:00:47,-07:00,2026-04-30T09:00:47-07:00,0,7
stye.css,191,css,423544ab,Anna Rosenbaum,2026-04-30,09:00:47,-07:00,2026-04-30T09:00:47-07:00,1,20
stye.css,192,css,423544ab,Anna Rosenbaum,2026-04-30,09:00:47,-07:00,2026-04-30T09:00:47-07:00,1,9
stye.css,193,css,423544ab,Anna Rosenbaum,2026-04-30,09:00:47,-07:00,2026-04-30T09:00:47-07:00,1,18
stye.css,194,css,423544ab,Anna Rosenbaum,2026-04-30,09:00:47,-07:00,2026-04-30T09:00:47-07:00,1,29
stye.css,195,css,423544ab,Anna Rosenbaum,2026-04-30,09:00:47,-07:00,2026-04-30T09:00:47-07:00,1,17
stye.css,196,css,423544ab,Anna Rosenbaum,2026-04-30,09:00:47,-07:00,2026-04-30T09:00:47-07:00,0,0
stye.css,197,css,423544ab,Anna Rosenbaum,2026-04-30,09:00:47,-07:00,2026-04-30T09:00:47-07:00,0,0
stye.css,198,css,423544ab,Anna Rosenbaum,2026-04-30,09:00:47,-07:00,2026-04-30T09:00:47-07:00,0,9
stye.css,199,css,423544ab,Anna Rosenbaum,2026-04-30,09:00:47,-07:00,2026-04-30T09:00:47-07:00,1,35
stye.css,200,css,423544ab,Anna Rosenbaum,2026-04-30,09:00:47,-07:00,2026-04-30T09:00:47-07:00,0,0
stye.css,201,css,423544ab,Anna Rosenbaum,2026-04-30,09:00:47,-07:00,2026-04-30T09:00:47-07:00,0,0
stye.css,202,css,423544ab,Anna Rosenbaum,2026-04-30,09:00:47,-07:00,2026-04-30T09:00:47-07:00,0,18
stye.css,203,css,423544ab,Anna Rosenbaum,2026-04-30,09:00:47,-07:00,2026-04-30T09:00:47-07:00,1,17
stye.css,204,css,423544ab,Anna Rosenbaum,2026-04-30,09:00:47,-07:00,2026-04-30T09:00:47-07:00,0,0
stye.css,205,css,423544ab,Anna Rosenbaum,2026-04-30,09:00:47,-07:00,2026-04-30T09:00:47-07:00,0,0
stye.css,206,css,423544ab,Anna Rosenbaum,2026-04-30,09:00:47,-07:00,2026-04-30T09:00:47-07:00,0,10
stye.css,207,css,423544ab,Anna Rosenbaum,2026-04-30,09:00:47,-07:00,2026-04-30T09:00:47-07:00,1,10
stye.css,208,css,423544ab,Anna Rosenbaum,2026-04-30,09:00:47,-07:00,2026-04-30T09:00:47-07:00,1,13
stye.css,209,css,423544ab,Anna Rosenbaum,2026-04-30,09:00:47,-07:00,2026-04-30T09:00:47-07:00,1,16
stye.css,210,css,423544ab,Anna Rosenbaum,2026-04-30,09:00:47,-07:00,2026-04-30T09:00:47-07:00,1,12
stye.css,211,css,a338ebaa,Anna Rosenbaum,2026-04-02,09:08:10,-07:00,2026-04-02T09:08:10-07:00,0,0
index.js,1,js,294e2a98,Anna Rosenbaum,2026-04-22,08:04:22,-07:00,2026-04-22T08:04:22-07:00,0,71
index.js,2,js,294e2a98,Anna Rosenbaum,2026-04-22,08:04:22,-07:00,2026-04-22T08:04:22-07:00,0,0
index.js,3,js,294e2a98,Anna Rosenbaum,2026-04-22,08:04:22,-07:00,2026-04-22T08:04:22-07:00,0,54
index.js,4,js,294e2a98,Anna Rosenbaum,2026-04-22,08:04:22,-07:00,2026-04-22T08:04:22-07:00,0,42
index.js,5,js,294e2a98,Anna Rosenbaum,2026-04-22,08:04:22,-07:00,2026-04-22T08:04:22-07:00,0,0
index.js,6,js,294e2a98,Anna Rosenbaum,2026-04-22,08:04:22,-07:00,2026-04-22T08:04:22-07:00,0,60
index.js,7,js,294e2a98,Anna Rosenbaum,2026-04-22,08:04:22,-07:00,2026-04-22T08:04:22-07:00,0,54
index.js,8,js,294e2a98,Anna Rosenbaum,2026-04-22,08:04:22,-07:00,2026-04-22T08:04:22-07:00,0,0
index.js,9,js,294e2a98,Anna Rosenbaum,2026-04-22,08:04:22,-07:00,2026-04-22T08:04:22-07:00,0,54
index.js,10,js,294e2a98,Anna Rosenbaum,2026-04-22,08:04:22,-07:00,2026-04-22T08:04:22-07:00,0,0
index.js,11,js,294e2a98,Anna Rosenbaum,2026-04-22,08:04:22,-07:00,2026-04-22T08:04:22-07:00,0,60
index.js,12,js,294e2a98,Anna Rosenbaum,2026-04-22,08:04:22,-07:00,2026-04-22T08:04:22-07:00,0,17
index.js,13,js,294e2a98,Anna Rosenbaum,2026-04-22,08:04:22,-07:00,2026-04-22T08:04:22-07:00,1,24
index.js,14,js,294e2a98,Anna Rosenbaum,2026-04-22,08:04:22,-07:00,2026-04-22T08:04:22-07:00,2,2
index.js,15,js,294e2a98,Anna Rosenbaum,2026-04-22,08:04:22,-07:00,2026-04-22T08:04:22-07:00,3,55
index.js,16,js,294e2a98,Anna Rosenbaum,2026-04-22,08:04:22,-07:00,2026-04-22T08:04:22-07:00,3,55
index.js,17,js,294e2a98,Anna Rosenbaum,2026-04-22,08:04:22,-07:00,2026-04-22T08:04:22-07:00,3,49
index.js,18,js,294e2a98,Anna Rosenbaum,2026-04-22,08:04:22,-07:00,2026-04-22T08:04:22-07:00,3,49
index.js,19,js,294e2a98,Anna Rosenbaum,2026-04-22,08:04:22,-07:00,2026-04-22T08:04:22-07:00,2,3
index.js,20,js,294e2a98,Anna Rosenbaum,2026-04-22,08:04:22,-07:00,2026-04-22T08:04:22-07:00,1,0
index.js,21,js,294e2a98,Anna Rosenbaum,2026-04-22,08:04:22,-07:00,2026-04-22T08:04:22-07:00,0,0
index.html,1,html,370d3622,Anna Rosenbaum,2026-04-02,08:33:49,-07:00,2026-04-02T08:33:49-07:00,0,13
index.html,2,html,370d3622,Anna Rosenbaum,2026-04-02,08:33:49,-07:00,2026-04-02T08:33:49-07:00,0,14
index.html,3,html,370d3622,Anna Rosenbaum,2026-04-02,08:33:49,-07:00,2026-04-02T08:33:49-07:00,0,4
index.html,4,html,308cf5e0,Anna Rosenbaum,2026-04-21,08:42:36,-07:00,2026-04-21T08:42:36-07:00,0,20
index.html,5,html,308cf5e0,Anna Rosenbaum,2026-04-21,08:42:36,-07:00,2026-04-21T08:42:36-07:00,0,68
index.html,6,html,308cf5e0,Anna Rosenbaum,2026-04-21,08:42:36,-07:00,2026-04-21T08:42:36-07:00,0,58
index.html,7,html,308cf5e0,Anna Rosenbaum,2026-04-21,08:42:36,-07:00,2026-04-21T08:42:36-07:00,0,37
index.html,8,html,370d3622,Anna Rosenbaum,2026-04-02,08:33:49,-07:00,2026-04-02T08:33:49-07:00,0,5
index.html,9,html,370d3622,Anna Rosenbaum,2026-04-02,08:33:49,-07:00,2026-04-02T08:33:49-07:00,0,4
index.html,10,html,308cf5e0,Anna Rosenbaum,2026-04-21,08:42:36,-07:00,2026-04-21T08:42:36-07:00,0,21
index.html,11,html,308cf5e0,Anna Rosenbaum,2026-04-21,08:42:36,-07:00,2026-04-21T08:42:36-07:00,0,47
index.html,12,html,308cf5e0,Anna Rosenbaum,2026-04-21,08:42:36,-07:00,2026-04-21T08:42:36-07:00,0,82
index.html,13,html,308cf5e0,Anna Rosenbaum,2026-04-21,08:42:36,-07:00,2026-04-21T08:42:36-07:00,0,0
index.html,14,html,294e2a98,Anna Rosenbaum,2026-04-22,08:04:22,-07:00,2026-04-22T08:04:22-07:00,0,22
index.html,15,html,294e2a98,Anna Rosenbaum,2026-04-22,08:04:22,-07:00,2026-04-22T08:04:22-07:00,0,28
index.html,16,html,294e2a98,Anna Rosenbaum,2026-04-22,08:04:22,-07:00,2026-04-22T08:04:22-07:00,0,0
index.html,17,html,308cf5e0,Anna Rosenbaum,2026-04-21,08:42:36,-07:00,2026-04-21T08:42:36-07:00,0,22
index.html,18,html,308cf5e0,Anna Rosenbaum,2026-04-21,08:42:36,-07:00,2026-04-21T08:42:36-07:00,0,20
index.html,19,html,308cf5e0,Anna Rosenbaum,2026-04-21,08:42:36,-07:00,2026-04-21T08:42:36-07:00,0,4
index.html,20,html,308cf5e0,Anna Rosenbaum,2026-04-21,08:42:36,-07:00,2026-04-21T08:42:36-07:00,0,0
index.html,21,html,308cf5e0,Anna Rosenbaum,2026-04-21,08:42:36,-07:00,2026-04-21T08:42:36-07:00,0,45
index.html,22,html,308cf5e0,Anna Rosenbaum,2026-04-21,08:42:36,-07:00,2026-04-21T08:42:36-07:00,0,44
index.html,23,html,370d3622,Anna Rosenbaum,2026-04-02,08:33:49,-07:00,2026-04-02T08:33:49-07:00,0,5
index.html,24,html,370d3622,Anna Rosenbaum,2026-04-02,08:33:49,-07:00,2026-04-02T08:33:49-07:00,0,5
global.js,1,js,8d2c0203,Anna Rosenbaum,2026-04-17,08:44:54,-07:00,2026-04-17T08:44:54-07:00,0,25
global.js,2,js,8d2c0203,Anna Rosenbaum,2026-04-17,08:44:54,-07:00,2026-04-17T08:44:54-07:00,0,0
global.js,3,js,8d2c0203,Anna Rosenbaum,2026-04-17,08:44:54,-07:00,2026-04-17T08:44:54-07:00,0,41
global.js,4,js,8d2c0203,Anna Rosenbaum,2026-04-17,08:44:54,-07:00,2026-04-17T08:44:54-07:00,1,52
global.js,5,js,9aedae8b,Anna Rosenbaum,2026-04-17,08:48:18,-07:00,2026-04-17T08:48:18-07:00,0,0
global.js,6,js,9aedae8b,Anna Rosenbaum,2026-04-17,08:48:18,-07:00,2026-04-17T08:48:18-07:00,0,0
global.js,7,js,6b615565,Anna Rosenbaum,2026-04-17,08:51:07,-07:00,2026-04-17T08:51:07-07:00,0,88
global.js,8,js,6b615565,Anna Rosenbaum,2026-04-17,08:51:07,-07:00,2026-04-17T08:51:07-07:00,1,3
global.js,9,js,6b615565,Anna Rosenbaum,2026-04-17,08:51:07,-07:00,2026-04-17T08:51:07-07:00,1,12
global.js,10,js,9aedae8b,Anna Rosenbaum,2026-04-17,08:48:18,-07:00,2026-04-17T08:48:18-07:00,0,0
global.js,11,js,6b615565,Anna Rosenbaum,2026-04-17,08:51:07,-07:00,2026-04-17T08:51:07-07:00,0,11
global.js,12,js,6b615565,Anna Rosenbaum,2026-04-17,08:51:07,-07:00,2026-04-17T08:51:07-07:00,1,25
global.js,13,js,6b615565,Anna Rosenbaum,2026-04-17,08:51:07,-07:00,2026-04-17T08:51:07-07:00,1,38
global.js,14,js,6b615565,Anna Rosenbaum,2026-04-17,08:51:07,-07:00,2026-04-17T08:51:07-07:00,1,36
global.js,15,js,6b615565,Anna Rosenbaum,2026-04-17,08:51:07,-07:00,2026-04-17T08:51:07-07:00,1,34
global.js,16,js,00000000,Not Committed Yet,2026-05-05,09:09:35,-07:00,2026-05-05T09:09:35-07:00,1,30
global.js,17,js,6b615565,Anna Rosenbaum,2026-04-17,08:51:07,-07:00,2026-04-17T08:51:07-07:00,1,57
global.js,18,js,6b615565,Anna Rosenbaum,2026-04-17,08:51:07,-07:00,2026-04-17T08:51:07-07:00,0,0
global.js,19,js,6b615565,Anna Rosenbaum,2026-04-17,08:51:07,-07:00,2026-04-17T08:51:07-07:00,0,0
global.js,20,js,6b615565,Anna Rosenbaum,2026-04-17,08:51:07,-07:00,2026-04-17T08:51:07-07:00,0,38
global.js,21,js,6b615565,Anna Rosenbaum,2026-04-17,08:51:07,-07:00,2026-04-17T08:51:07-07:00,0,25
global.js,22,js,6b615565,Anna Rosenbaum,2026-04-17,08:51:07,-07:00,2026-04-17T08:51:07-07:00,0,0
global.js,23,js,6b615565,Anna Rosenbaum,2026-04-17,08:51:07,-07:00,2026-04-17T08:51:07-07:00,0,20
global.js,24,js,6b615565,Anna Rosenbaum,2026-04-17,08:51:07,-07:00,2026-04-17T08:51:07-07:00,1,14
global.js,25,js,6b615565,Anna Rosenbaum,2026-04-17,08:51:07,-07:00,2026-04-17T08:51:07-07:00,1,18
global.js,26,js,6b615565,Anna Rosenbaum,2026-04-17,08:51:07,-07:00,2026-04-17T08:51:07-07:00,0,0
global.js,27,js,6b615565,Anna Rosenbaum,2026-04-17,08:51:07,-07:00,2026-04-17T08:51:07-07:00,1,52
global.js,28,js,6b615565,Anna Rosenbaum,2026-04-17,08:51:07,-07:00,2026-04-17T08:51:07-07:00,0,0
global.js,29,js,6b615565,Anna Rosenbaum,2026-04-17,08:51:07,-07:00,2026-04-17T08:51:07-07:00,1,34
global.js,30,js,6b615565,Anna Rosenbaum,2026-04-17,08:51:07,-07:00,2026-04-17T08:51:07-07:00,1,11
global.js,31,js,6b615565,Anna Rosenbaum,2026-04-17,08:51:07,-07:00,2026-04-17T08:51:07-07:00,1,20
global.js,32,js,6b615565,Anna Rosenbaum,2026-04-17,08:51:07,-07:00,2026-04-17T08:51:07-07:00,0,0
global.js,33,js,6b615565,Anna Rosenbaum,2026-04-17,08:51:07,-07:00,2026-04-17T08:51:07-07:00,1,17
global.js,34,js,6b615565,Anna Rosenbaum,2026-04-17,08:51:07,-07:00,2026-04-17T08:51:07-07:00,2,8
global.js,35,js,6b615565,Anna Rosenbaum,2026-04-17,08:51:07,-07:00,2026-04-17T08:51:07-07:00,2,59
global.js,36,js,6b615565,Anna Rosenbaum,2026-04-17,08:51:07,-07:00,2026-04-17T08:51:07-07:00,1,0
global.js,37,js,6b615565,Anna Rosenbaum,2026-04-17,08:51:07,-07:00,2026-04-17T08:51:07-07:00,0,0
global.js,38,js,6b615565,Anna Rosenbaum,2026-04-17,08:51:07,-07:00,2026-04-17T08:51:07-07:00,1,29
global.js,39,js,6b615565,Anna Rosenbaum,2026-04-17,08:51:07,-07:00,2026-04-17T08:51:07-07:00,2,18
global.js,40,js,6b615565,Anna Rosenbaum,2026-04-17,08:51:07,-07:00,2026-04-17T08:51:07-07:00,1,0
global.js,41,js,6b615565,Anna Rosenbaum,2026-04-17,08:51:07,-07:00,2026-04-17T08:51:07-07:00,0,0
global.js,42,js,6b615565,Anna Rosenbaum,2026-04-17,08:51:07,-07:00,2026-04-17T08:51:07-07:00,1,12
global.js,43,js,9b6d63c7,Anna Rosenbaum,2026-04-17,08:54:41,-07:00,2026-04-17T08:54:41-07:00,0,0
global.js,44,js,9b6d63c7,Anna Rosenbaum,2026-04-17,08:54:41,-07:00,2026-04-17T08:54:41-07:00,0,0
global.js,45,js,9b6d63c7,Anna Rosenbaum,2026-04-17,08:54:41,-07:00,2026-04-17T08:54:41-07:00,0,19
global.js,46,js,9b6d63c7,Anna Rosenbaum,2026-04-17,08:54:41,-07:00,2026-04-17T08:54:41-07:00,0,31
global.js,47,js,9b6d63c7,Anna Rosenbaum,2026-04-17,08:54:41,-07:00,2026-04-17T08:54:41-07:00,1,11
global.js,48,js,9b6d63c7,Anna Rosenbaum,2026-04-17,08:54:41,-07:00,2026-04-17T08:54:41-07:00,1,27
global.js,49,js,9b6d63c7,Anna Rosenbaum,2026-04-17,08:54:41,-07:00,2026-04-17T08:54:41-07:00,2,4
global.js,50,js,9b6d63c7,Anna Rosenbaum,2026-04-17,08:54:41,-07:00,2026-04-17T08:54:41-07:00,2,6
global.js,51,js,9b6d63c7,Anna Rosenbaum,2026-04-17,08:54:41,-07:00,2026-04-17T08:54:41-07:00,3,43
global.js,52,js,9b6d63c7,Anna Rosenbaum,2026-04-17,08:54:41,-07:00,2026-04-17T08:54:41-07:00,3,34
global.js,53,js,9b6d63c7,Anna Rosenbaum,2026-04-17,08:54:41,-07:00,2026-04-17T08:54:41-07:00,3,32
global.js,54,js,9b6d63c7,Anna Rosenbaum,2026-04-17,08:54:41,-07:00,2026-04-17T08:54:41-07:00,2,7
global.js,55,js,9b6d63c7,Anna Rosenbaum,2026-04-17,08:54:41,-07:00,2026-04-17T08:54:41-07:00,1,8
global.js,56,js,9b6d63c7,Anna Rosenbaum,2026-04-17,08:54:41,-07:00,2026-04-17T08:54:41-07:00,0,0
global.js,57,js,9b6d63c7,Anna Rosenbaum,2026-04-17,08:54:41,-07:00,2026-04-17T08:54:41-07:00,0,0
global.js,58,js,9b6d63c7,Anna Rosenbaum,2026-04-17,08:54:41,-07:00,2026-04-17T08:54:41-07:00,0,58
global.js,59,js,9b6d63c7,Anna Rosenbaum,2026-04-17,08:54:41,-07:00,2026-04-17T08:54:41-07:00,0,0
global.js,60,js,9b6d63c7,Anna Rosenbaum,2026-04-17,08:54:41,-07:00,2026-04-17T08:54:41-07:00,0,34
global.js,61,js,9b6d63c7,Anna Rosenbaum,2026-04-17,08:54:41,-07:00,2026-04-17T08:54:41-07:00,1,83
global.js,62,js,9b6d63c7,Anna Rosenbaum,2026-04-17,08:54:41,-07:00,2026-04-17T08:54:41-07:00,1,38
global.js,63,js,9b6d63c7,Anna Rosenbaum,2026-04-17,08:54:41,-07:00,2026-04-17T08:54:41-07:00,0,0
global.js,64,js,9b6d63c7,Anna Rosenbaum,2026-04-17,08:54:41,-07:00,2026-04-17T08:54:41-07:00,0,0
global.js,65,js,9b6d63c7,Anna Rosenbaum,2026-04-17,08:54:41,-07:00,2026-04-17T08:54:41-07:00,0,49
global.js,66,js,9b6d63c7,Anna Rosenbaum,2026-04-17,08:54:41,-07:00,2026-04-17T08:54:41-07:00,1,77
global.js,67,js,9b6d63c7,Anna Rosenbaum,2026-04-17,08:54:41,-07:00,2026-04-17T08:54:41-07:00,1,44
global.js,68,js,fc8417d8,Anna Rosenbaum,2026-04-17,08:58:15,-07:00,2026-04-17T08:58:15-07:00,0,1
global.js,69,js,fc8417d8,Anna Rosenbaum,2026-04-17,08:58:15,-07:00,2026-04-17T08:58:15-07:00,0,40
global.js,70,js,fc8417d8,Anna Rosenbaum,2026-04-17,08:58:15,-07:00,2026-04-17T08:58:15-07:00,0,0
global.js,71,js,fc8417d8,Anna Rosenbaum,2026-04-17,08:58:15,-07:00,2026-04-17T08:58:15-07:00,0,48
global.js,72,js,fc8417d8,Anna Rosenbaum,2026-04-17,08:58:15,-07:00,2026-04-17T08:58:15-07:00,1,21
global.js,73,js,fc8417d8,Anna Rosenbaum,2026-04-17,08:58:15,-07:00,2026-04-17T08:58:15-07:00,0,0
global.js,74,js,fc8417d8,Anna Rosenbaum,2026-04-17,08:58:15,-07:00,2026-04-17T08:58:15-07:00,1,28
global.js,75,js,fc8417d8,Anna Rosenbaum,2026-04-17,08:58:15,-07:00,2026-04-17T08:58:15-07:00,1,26
global.js,76,js,fc8417d8,Anna Rosenbaum,2026-04-17,08:58:15,-07:00,2026-04-17T08:58:15-07:00,1,14
global.js,77,js,fc8417d8,Anna Rosenbaum,2026-04-17,08:58:15,-07:00,2026-04-17T08:58:15-07:00,0,0
global.js,78,js,fc8417d8,Anna Rosenbaum,2026-04-17,08:58:15,-07:00,2026-04-17T08:58:15-07:00,1,31
global.js,79,js,fc8417d8,Anna Rosenbaum,2026-04-17,08:58:15,-07:00,2026-04-17T08:58:15-07:00,2,50
global.js,80,js,fc8417d8,Anna Rosenbaum,2026-04-17,08:58:15,-07:00,2026-04-17T08:58:15-07:00,1,0
global.js,81,js,fc8417d8,Anna Rosenbaum,2026-04-17,08:58:15,-07:00,2026-04-17T08:58:15-07:00,0,0
global.js,82,js,fc8417d8,Anna Rosenbaum,2026-04-17,08:58:15,-07:00,2026-04-17T08:58:15-07:00,1,22
global.js,83,js,fc8417d8,Anna Rosenbaum,2026-04-17,08:58:15,-07:00,2026-04-17T08:58:15-07:00,1,18
global.js,84,js,c8bec5ef,Anna Rosenbaum,2026-04-21,08:37:43,-07:00,2026-04-21T08:37:43-07:00,0,1
global.js,85,js,c8bec5ef,Anna Rosenbaum,2026-04-21,08:37:43,-07:00,2026-04-21T08:37:43-07:00,0,36
global.js,86,js,c8bec5ef,Anna Rosenbaum,2026-04-21,08:37:43,-07:00,2026-04-21T08:37:43-07:00,1,3
global.js,87,js,c8bec5ef,Anna Rosenbaum,2026-04-21,08:37:43,-07:00,2026-04-21T08:37:43-07:00,2,32
global.js,88,js,c8bec5ef,Anna Rosenbaum,2026-04-21,08:37:43,-07:00,2026-04-21T08:37:43-07:00,2,17
global.js,89,js,c8bec5ef,Anna Rosenbaum,2026-04-21,08:37:43,-07:00,2026-04-21T08:37:43-07:00,3,66
global.js,90,js,c8bec5ef,Anna Rosenbaum,2026-04-21,08:37:43,-07:00,2026-04-21T08:37:43-07:00,2,0
global.js,91,js,c8bec5ef,Anna Rosenbaum,2026-04-21,08:37:43,-07:00,2026-04-21T08:37:43-07:00,2,33
global.js,92,js,c8bec5ef,Anna Rosenbaum,2026-04-21,08:37:43,-07:00,2026-04-21T08:37:43-07:00,2,10
global.js,93,js,c8bec5ef,Anna Rosenbaum,2026-04-21,08:37:43,-07:00,2026-04-21T08:37:43-07:00,1,15
global.js,94,js,c8bec5ef,Anna Rosenbaum,2026-04-21,08:37:43,-07:00,2026-04-21T08:37:43-07:00,2,59
global.js,95,js,c8bec5ef,Anna Rosenbaum,2026-04-21,08:37:43,-07:00,2026-04-21T08:37:43-07:00,1,0
global.js,96,js,c8bec5ef,Anna Rosenbaum,2026-04-21,08:37:43,-07:00,2026-04-21T08:37:43-07:00,0,0
global.js,97,js,c8bec5ef,Anna Rosenbaum,2026-04-21,08:37:43,-07:00,2026-04-21T08:37:43-07:00,0,0
global.js,98,js,c8bec5ef,Anna Rosenbaum,2026-04-21,08:37:43,-07:00,2026-04-21T08:37:43-07:00,0,79
global.js,99,js,c8bec5ef,Anna Rosenbaum,2026-04-21,08:37:43,-07:00,2026-04-21T08:37:43-07:00,1,30
global.js,100,js,c8bec5ef,Anna Rosenbaum,2026-04-21,08:37:43,-07:00,2026-04-21T08:37:43-07:00,1,29
global.js,101,js,c8bec5ef,Anna Rosenbaum,2026-04-21,08:37:43,-07:00,2026-04-21T08:37:43-07:00,2,48
global.js,102,js,c8bec5ef,Anna Rosenbaum,2026-04-21,08:37:43,-07:00,2026-04-21T08:37:43-07:00,2,19
global.js,103,js,c8bec5ef,Anna Rosenbaum,2026-04-21,08:37:43,-07:00,2026-04-21T08:37:43-07:00,3,49
global.js,104,js,c8bec5ef,Anna Rosenbaum,2026-04-21,08:37:43,-07:00,2026-04-21T08:37:43-07:00,3,49
global.js,105,js,14720066,Anna Rosenbaum,2026-04-30,08:55:05,-07:00,2026-04-30T08:55:05-07:00,3,3
global.js,106,js,14720066,Anna Rosenbaum,2026-04-30,08:55:05,-07:00,2026-04-30T08:55:05-07:00,4,27
global.js,107,js,14720066,Anna Rosenbaum,2026-04-30,08:55:05,-07:00,2026-04-30T08:55:05-07:00,4,41
global.js,108,js,14720066,Anna Rosenbaum,2026-04-30,08:55:05,-07:00,2026-04-30T08:55:05-07:00,3,4
global.js,109,js,c8bec5ef,Anna Rosenbaum,2026-04-21,08:37:43,-07:00,2026-04-21T08:37:43-07:00,2,0
global.js,110,js,c8bec5ef,Anna Rosenbaum,2026-04-21,08:37:43,-07:00,2026-04-21T08:37:43-07:00,2,36
global.js,111,js,c8bec5ef,Anna Rosenbaum,2026-04-21,08:37:43,-07:00,2026-04-21T08:37:43-07:00,1,0
global.js,112,js,294e2a98,Anna Rosenbaum,2026-04-22,08:04:22,-07:00,2026-04-22T08:04:22-07:00,0,48
global.js,113,js,294e2a98,Anna Rosenbaum,2026-04-22,08:04:22,-07:00,2026-04-22T08:04:22-07:00,1,59
global.js,114,js,c8bec5ef,Anna Rosenbaum,2026-04-21,08:37:43,-07:00,2026-04-21T08:37:43-07:00,0,0
resume/index.html,1,html,a1dc81bc,Anna Rosenbaum,2026-04-02,09:51:19,-07:00,2026-04-02T09:51:19-07:00,0,13
resume/index.html,2,html,a1dc81bc,Anna Rosenbaum,2026-04-02,09:51:19,-07:00,2026-04-02T09:51:19-07:00,0,14
resume/index.html,3,html,a1dc81bc,Anna Rosenbaum,2026-04-02,09:51:19,-07:00,2026-04-02T09:51:19-07:00,0,4
resume/index.html,4,html,a1dc81bc,Anna Rosenbaum,2026-04-02,09:51:19,-07:00,2026-04-02T09:51:19-07:00,2,20
resume/index.html,5,html,a1dc81bc,Anna Rosenbaum,2026-04-02,09:51:19,-07:00,2026-04-02T09:51:19-07:00,2,68
resume/index.html,6,html,a1dc81bc,Anna Rosenbaum,2026-04-02,09:51:19,-07:00,2026-04-02T09:51:19-07:00,2,35
resume/index.html,7,html,7b5f92f3,Anna Rosenbaum,2026-04-09,14:48:49,-07:00,2026-04-09T14:48:49-07:00,2,40
resume/index.html,8,html,a1dc81bc,Anna Rosenbaum,2026-04-02,09:51:19,-07:00,2026-04-02T09:51:19-07:00,0,5
resume/index.html,9,html,a1dc81bc,Anna Rosenbaum,2026-04-02,09:51:19,-07:00,2026-04-02T09:51:19-07:00,0,4
resume/index.html,10,html,a1dc81bc,Anna Rosenbaum,2026-04-02,09:51:19,-07:00,2026-04-02T09:51:19-07:00,0,0
resume/index.html,11,html,a1dc81bc,Anna Rosenbaum,2026-04-02,09:51:19,-07:00,2026-04-02T09:51:19-07:00,2,21
resume/index.html,12,html,cdc188b7,Anna Rosenbaum,2026-04-02,09:53:07,-07:00,2026-04-02T09:53:07-07:00,2,68
resume/index.html,13,html,a1dc81bc,Anna Rosenbaum,2026-04-02,09:51:19,-07:00,2026-04-02T09:51:19-07:00,2,329
resume/index.html,14,html,a1dc81bc,Anna Rosenbaum,2026-04-02,09:51:19,-07:00,2026-04-02T09:51:19-07:00,0,0
resume/index.html,15,html,a1dc81bc,Anna Rosenbaum,2026-04-02,09:51:19,-07:00,2026-04-02T09:51:19-07:00,2,16
resume/index.html,16,html,a1dc81bc,Anna Rosenbaum,2026-04-02,09:51:19,-07:00,2026-04-02T09:51:19-07:00,2,7
resume/index.html,17,html,a1dc81bc,Anna Rosenbaum,2026-04-02,09:51:19,-07:00,2026-04-02T09:51:19-07:00,4,33
resume/index.html,18,html,a1dc81bc,Anna Rosenbaum,2026-04-02,09:51:19,-07:00,2026-04-02T09:51:19-07:00,4,7
resume/index.html,19,html,a1dc81bc,Anna Rosenbaum,2026-04-02,09:51:19,-07:00,2026-04-02T09:51:19-07:00,6,56
resume/index.html,20,html,a1dc81bc,Anna Rosenbaum,2026-04-02,09:51:19,-07:00,2026-04-02T09:51:19-07:00,6,47
resume/index.html,21,html,a1dc81bc,Anna Rosenbaum,2026-04-02,09:51:19,-07:00,2026-04-02T09:51:19-07:00,6,2
resume/index.html,22,html,a1dc81bc,Anna Rosenbaum,2026-04-02,09:51:19,-07:00,2026-04-02T09:51:19-07:00,8,55
resume/index.html,23,html,a1dc81bc,Anna Rosenbaum,2026-04-02,09:51:19,-07:00,2026-04-02T09:51:19-07:00,8,43
resume/index.html,24,html,a1dc81bc,Anna Rosenbaum,2026-04-02,09:51:19,-07:00,2026-04-02T09:51:19-07:00,6,3
resume/index.html,25,html,a1dc81bc,Anna Rosenbaum,2026-04-02,09:51:19,-07:00,2026-04-02T09:51:19-07:00,4,8
resume/index.html,26,html,a1dc81bc,Anna Rosenbaum,2026-04-02,09:51:19,-07:00,2026-04-02T09:51:19-07:00,4,7
resume/index.html,27,html,a1dc81bc,Anna Rosenbaum,2026-04-02,09:51:19,-07:00,2026-04-02T09:51:19-07:00,6,37
resume/index.html,28,html,a1dc81bc,Anna Rosenbaum,2026-04-02,09:51:19,-07:00,2026-04-02T09:51:19-07:00,6,2
resume/index.html,29,html,a1dc81bc,Anna Rosenbaum,2026-04-02,09:51:19,-07:00,2026-04-02T09:51:19-07:00,8,54
resume/index.html,30,html,a1dc81bc,Anna Rosenbaum,2026-04-02,09:51:19,-07:00,2026-04-02T09:51:19-07:00,6,3
resume/index.html,31,html,a1dc81bc,Anna Rosenbaum,2026-04-02,09:51:19,-07:00,2026-04-02T09:51:19-07:00,4,8
resume/index.html,32,html,a1dc81bc,Anna Rosenbaum,2026-04-02,09:51:19,-07:00,2026-04-02T09:51:19-07:00,2,8
resume/index.html,33,html,a1dc81bc,Anna Rosenbaum,2026-04-02,09:51:19,-07:00,2026-04-02T09:51:19-07:00,0,0
resume/index.html,34,html,a1dc81bc,Anna Rosenbaum,2026-04-02,09:51:19,-07:00,2026-04-02T09:51:19-07:00,2,26
resume/index.html,35,html,a1dc81bc,Anna Rosenbaum,2026-04-02,09:51:19,-07:00,2026-04-02T09:51:19-07:00,2,7
resume/index.html,36,html,a1dc81bc,Anna Rosenbaum,2026-04-02,09:51:19,-07:00,2026-04-02T09:51:19-07:00,4,43
resume/index.html,37,html,a1dc81bc,Anna Rosenbaum,2026-04-02,09:51:19,-07:00,2026-04-02T09:51:19-07:00,4,7
resume/index.html,38,html,a1dc81bc,Anna Rosenbaum,2026-04-02,09:51:19,-07:00,2026-04-02T09:51:19-07:00,6,75
resume/index.html,39,html,a1dc81bc,Anna Rosenbaum,2026-04-02,09:51:19,-07:00,2026-04-02T09:51:19-07:00,6,87
resume/index.html,40,html,a1dc81bc,Anna Rosenbaum,2026-04-02,09:51:19,-07:00,2026-04-02T09:51:19-07:00,6,54
resume/index.html,41,html,a1dc81bc,Anna Rosenbaum,2026-04-02,09:51:19,-07:00,2026-04-02T09:51:19-07:00,6,2
resume/index.html,42,html,a1dc81bc,Anna Rosenbaum,2026-04-02,09:51:19,-07:00,2026-04-02T09:51:19-07:00,8,83
resume/index.html,43,html,a1dc81bc,Anna Rosenbaum,2026-04-02,09:51:19,-07:00,2026-04-02T09:51:19-07:00,8,104
resume/index.html,44,html,a1dc81bc,Anna Rosenbaum,2026-04-02,09:51:19,-07:00,2026-04-02T09:51:19-07:00,8,90
resume/index.html,45,html,a1dc81bc,Anna Rosenbaum,2026-04-02,09:51:19,-07:00,2026-04-02T09:51:19-07:00,8,75
resume/index.html,46,html,a1dc81bc,Anna Rosenbaum,2026-04-02,09:51:19,-07:00,2026-04-02T09:51:19-07:00,8,87
resume/index.html,47,html,a1dc81bc,Anna Rosenbaum,2026-04-02,09:51:19,-07:00,2026-04-02T09:51:19-07:00,6,3
resume/index.html,48,html,a1dc81bc,Anna Rosenbaum,2026-04-02,09:51:19,-07:00,2026-04-02T09:51:19-07:00,4,8
resume/index.html,49,html,a1dc81bc,Anna Rosenbaum,2026-04-02,09:51:19,-07:00,2026-04-02T09:51:19-07:00,4,7
resume/index.html,50,html,a1dc81bc,Anna Rosenbaum,2026-04-02,09:51:19,-07:00,2026-04-02T09:51:19-07:00,6,74
resume/index.html,51,html,a1dc81bc,Anna Rosenbaum,2026-04-02,09:51:19,-07:00,2026-04-02T09:51:19-07:00,6,74
resume/index.html,52,html,a1dc81bc,Anna Rosenbaum,2026-04-02,09:51:19,-07:00,2026-04-02T09:51:19-07:00,6,86
resume/index.html,53,html,a1dc81bc,Anna Rosenbaum,2026-04-02,09:51:19,-07:00,2026-04-02T09:51:19-07:00,6,2
resume/index.html,54,html,a1dc81bc,Anna Rosenbaum,2026-04-02,09:51:19,-07:00,2026-04-02T09:51:19-07:00,8,79
resume/index.html,55,html,a1dc81bc,Anna Rosenbaum,2026-04-02,09:51:19,-07:00,2026-04-02T09:51:19-07:00,8,86
resume/index.html,56,html,a1dc81bc,Anna Rosenbaum,2026-04-02,09:51:19,-07:00,2026-04-02T09:51:19-07:00,8,180
resume/index.html,57,html,a1dc81bc,Anna Rosenbaum,2026-04-02,09:51:19,-07:00,2026-04-02T09:51:19-07:00,8,54
resume/index.html,58,html,a1dc81bc,Anna Rosenbaum,2026-04-02,09:51:19,-07:00,2026-04-02T09:51:19-07:00,6,3
resume/index.html,59,html,a1dc81bc,Anna Rosenbaum,2026-04-02,09:51:19,-07:00,2026-04-02T09:51:19-07:00,4,8
resume/index.html,60,html,a1dc81bc,Anna Rosenbaum,2026-04-02,09:51:19,-07:00,2026-04-02T09:51:19-07:00,2,8
resume/index.html,61,html,a1dc81bc,Anna Rosenbaum,2026-04-02,09:51:19,-07:00,2026-04-02T09:51:19-07:00,0,0
resume/index.html,62,html,a1dc81bc,Anna Rosenbaum,2026-04-02,09:51:19,-07:00,2026-04-02T09:51:19-07:00,2,19
resume/index.html,63,html,a1dc81bc,Anna Rosenbaum,2026-04-02,09:51:19,-07:00,2026-04-02T09:51:19-07:00,2,7
resume/index.html,64,html,a1dc81bc,Anna Rosenbaum,2026-04-02,09:51:19,-07:00,2026-04-02T09:51:19-07:00,4,36
resume/index.html,65,html,a1dc81bc,Anna Rosenbaum,2026-04-02,09:51:19,-07:00,2026-04-02T09:51:19-07:00,4,2
resume/index.html,66,html,a1dc81bc,Anna Rosenbaum,2026-04-02,09:51:19,-07:00,2026-04-02T09:51:19-07:00,6,209
resume/index.html,67,html,a1dc81bc,Anna Rosenbaum,2026-04-02,09:51:19,-07:00,2026-04-02T09:51:19-07:00,6,174
resume/index.html,68,html,a1dc81bc,Anna Rosenbaum,2026-04-02,09:51:19,-07:00,2026-04-02T09:51:19-07:00,6,140
resume/index.html,69,html,a1dc81bc,Anna Rosenbaum,2026-04-02,09:51:19,-07:00,2026-04-02T09:51:19-07:00,6,152
resume/index.html,70,html,a1dc81bc,Anna Rosenbaum,2026-04-02,09:51:19,-07:00,2026-04-02T09:51:19-07:00,6,115
resume/index.html,71,html,a1dc81bc,Anna Rosenbaum,2026-04-02,09:51:19,-07:00,2026-04-02T09:51:19-07:00,4,3
resume/index.html,72,html,a1dc81bc,Anna Rosenbaum,2026-04-02,09:51:19,-07:00,2026-04-02T09:51:19-07:00,2,8
resume/index.html,73,html,a1dc81bc,Anna Rosenbaum,2026-04-02,09:51:19,-07:00,2026-04-02T09:51:19-07:00,0,0
resume/index.html,74,html,a1dc81bc,Anna Rosenbaum,2026-04-02,09:51:19,-07:00,2026-04-02T09:51:19-07:00,2,20
resume/index.html,75,html,a1dc81bc,Anna Rosenbaum,2026-04-02,09:51:19,-07:00,2026-04-02T09:51:19-07:00,2,7
resume/index.html,76,html,a1dc81bc,Anna Rosenbaum,2026-04-02,09:51:19,-07:00,2026-04-02T09:51:19-07:00,4,37
resume/index.html,77,html,a1dc81bc,Anna Rosenbaum,2026-04-02,09:51:19,-07:00,2026-04-02T09:51:19-07:00,4,2
resume/index.html,78,html,a1dc81bc,Anna Rosenbaum,2026-04-02,09:51:19,-07:00,2026-04-02T09:51:19-07:00,6,139
resume/index.html,79,html,a1dc81bc,Anna Rosenbaum,2026-04-02,09:51:19,-07:00,2026-04-02T09:51:19-07:00,6,112
resume/index.html,80,html,a1dc81bc,Anna Rosenbaum,2026-04-02,09:51:19,-07:00,2026-04-02T09:51:19-07:00,6,106
resume/index.html,81,html,a1dc81bc,Anna Rosenbaum,2026-04-02,09:51:19,-07:00,2026-04-02T09:51:19-07:00,4,3
resume/index.html,82,html,a1dc81bc,Anna Rosenbaum,2026-04-02,09:51:19,-07:00,2026-04-02T09:51:19-07:00,2,8
resume/index.html,83,html,a1dc81bc,Anna Rosenbaum,2026-04-02,09:51:19,-07:00,2026-04-02T09:51:19-07:00,0,0
resume/index.html,84,html,a1dc81bc,Anna Rosenbaum,2026-04-02,09:51:19,-07:00,2026-04-02T09:51:19-07:00,2,15
resume/index.html,85,html,a1dc81bc,Anna Rosenbaum,2026-04-02,09:51:19,-07:00,2026-04-02T09:51:19-07:00,2,7
resume/index.html,86,html,a1dc81bc,Anna Rosenbaum,2026-04-02,09:51:19,-07:00,2026-04-02T09:51:19-07:00,4,32
resume/index.html,87,html,a1dc81bc,Anna Rosenbaum,2026-04-02,09:51:19,-07:00,2026-04-02T09:51:19-07:00,4,2
resume/index.html,88,html,a1dc81bc,Anna Rosenbaum,2026-04-02,09:51:19,-07:00,2026-04-02T09:51:19-07:00,6,87
resume/index.html,89,html,a1dc81bc,Anna Rosenbaum,2026-04-02,09:51:19,-07:00,2026-04-02T09:51:19-07:00,6,93
resume/index.html,90,html,a1dc81bc,Anna Rosenbaum,2026-04-02,09:51:19,-07:00,2026-04-02T09:51:19-07:00,4,3
resume/index.html,91,html,a1dc81bc,Anna Rosenbaum,2026-04-02,09:51:19,-07:00,2026-04-02T09:51:19-07:00,2,8
resume/index.html,92,html,a1dc81bc,Anna Rosenbaum,2026-04-02,09:51:19,-07:00,2026-04-02T09:51:19-07:00,0,0
resume/index.html,93,html,a1dc81bc,Anna Rosenbaum,2026-04-02,09:51:19,-07:00,2026-04-02T09:51:19-07:00,2,29
resume/index.html,94,html,a1dc81bc,Anna Rosenbaum,2026-04-02,09:51:19,-07:00,2026-04-02T09:51:19-07:00,2,7
resume/index.html,95,html,a1dc81bc,Anna Rosenbaum,2026-04-02,09:51:19,-07:00,2026-04-02T09:51:19-07:00,4,46
resume/index.html,96,html,a1dc81bc,Anna Rosenbaum,2026-04-02,09:51:19,-07:00,2026-04-02T09:51:19-07:00,4,2
resume/index.html,97,html,a1dc81bc,Anna Rosenbaum,2026-04-02,09:51:19,-07:00,2026-04-02T09:51:19-07:00,6,67
resume/index.html,98,html,a1dc81bc,Anna Rosenbaum,2026-04-02,09:51:19,-07:00,2026-04-02T09:51:19-07:00,6,44
resume/index.html,99,html,a1dc81bc,Anna Rosenbaum,2026-04-02,09:51:19,-07:00,2026-04-02T09:51:19-07:00,6,81
resume/index.html,100,html,a1dc81bc,Anna Rosenbaum,2026-04-02,09:51:19,-07:00,2026-04-02T09:51:19-07:00,6,100
resume/index.html,101,html,a1dc81bc,Anna Rosenbaum,2026-04-02,09:51:19,-07:00,2026-04-02T09:51:19-07:00,4,3
resume/index.html,102,html,a1dc81bc,Anna Rosenbaum,2026-04-02,09:51:19,-07:00,2026-04-02T09:51:19-07:00,2,8
resume/index.html,103,html,a1dc81bc,Anna Rosenbaum,2026-04-02,09:51:19,-07:00,2026-04-02T09:51:19-07:00,0,0
resume/index.html,104,html,a1dc81bc,Anna Rosenbaum,2026-04-02,09:51:19,-07:00,2026-04-02T09:51:19-07:00,2,25
resume/index.html,105,html,a1dc81bc,Anna Rosenbaum,2026-04-02,09:51:19,-07:00,2026-04-02T09:51:19-07:00,2,7
resume/index.html,106,html,a1dc81bc,Anna Rosenbaum,2026-04-02,09:51:19,-07:00,2026-04-02T09:51:19-07:00,4,42
resume/index.html,107,html,a1dc81bc,Anna Rosenbaum,2026-04-02,09:51:19,-07:00,2026-04-02T09:51:19-07:00,4,2
resume/index.html,108,html,a1dc81bc,Anna Rosenbaum,2026-04-02,09:51:19,-07:00,2026-04-02T09:51:19-07:00,6,127
resume/index.html,109,html,a1dc81bc,Anna Rosenbaum,2026-04-02,09:51:19,-07:00,2026-04-02T09:51:19-07:00,6,84
resume/index.html,110,html,a1dc81bc,Anna Rosenbaum,2026-04-02,09:51:19,-07:00,2026-04-02T09:51:19-07:00,4,3
resume/index.html,111,html,a1dc81bc,Anna Rosenbaum,2026-04-02,09:51:19,-07:00,2026-04-02T09:51:19-07:00,2,8
resume/index.html,112,html,8d2c0203,Anna Rosenbaum,2026-04-17,08:44:54,-07:00,2026-04-17T08:44:54-07:00,2,48
resume/index.html,113,html,a1dc81bc,Anna Rosenbaum,2026-04-02,09:51:19,-07:00,2026-04-02T09:51:19-07:00,0,5
resume/index.html,114,html,a1dc81bc,Anna Rosenbaum,2026-04-02,09:51:19,-07:00,2026-04-02T09:51:19-07:00,0,5
projects/projects.js,1,js,c8bec5ef,Anna Rosenbaum,2026-04-21,08:37:43,-07:00,2026-04-21T08:37:43-07:00,0,55
projects/projects.js,2,js,14720066,Anna Rosenbaum,2026-04-30,08:55:05,-07:00,2026-04-30T08:55:05-07:00,0,63
projects/projects.js,3,js,c8bec5ef,Anna Rosenbaum,2026-04-21,08:37:43,-07:00,2026-04-21T08:37:43-07:00,0,0
projects/projects.js,4,js,c8bec5ef,Anna Rosenbaum,2026-04-21,08:37:43,-07:00,2026-04-21T08:37:43-07:00,0,55
projects/projects.js,5,js,c8bec5ef,Anna Rosenbaum,2026-04-21,08:37:43,-07:00,2026-04-21T08:37:43-07:00,0,60
projects/projects.js,6,js,c8bec5ef,Anna Rosenbaum,2026-04-21,08:37:43,-07:00,2026-04-21T08:37:43-07:00,0,0
projects/projects.js,7,js,919d4c3e,Anna Rosenbaum,2026-04-21,08:40:55,-07:00,2026-04-21T08:40:55-07:00,0,62
projects/projects.js,8,js,919d4c3e,Anna Rosenbaum,2026-04-21,08:40:55,-07:00,2026-04-21T08:40:55-07:00,0,18
projects/projects.js,9,js,919d4c3e,Anna Rosenbaum,2026-04-21,08:40:55,-07:00,2026-04-21T08:40:55-07:00,1,58
projects/projects.js,10,js,14720066,Anna Rosenbaum,2026-04-30,08:55:05,-07:00,2026-04-30T08:55:05-07:00,0,0
projects/projects.js,11,js,14720066,Anna Rosenbaum,2026-04-30,08:55:05,-07:00,2026-04-30T08:55:05-07:00,0,0
projects/projects.js,12,js,14720066,Anna Rosenbaum,2026-04-30,08:55:05,-07:00,2026-04-30T08:55:05-07:00,0,57
projects/projects.js,13,js,14720066,Anna Rosenbaum,2026-04-30,08:55:05,-07:00,2026-04-30T08:55:05-07:00,0,47
projects/projects.js,14,js,423544ab,Anna Rosenbaum,2026-04-30,09:00:47,-07:00,2026-04-30T09:00:47-07:00,0,21
projects/projects.js,15,js,423544ab,Anna Rosenbaum,2026-04-30,09:00:47,-07:00,2026-04-30T09:00:47-07:00,0,13
projects/projects.js,16,js,423544ab,Anna Rosenbaum,2026-04-30,09:00:47,-07:00,2026-04-30T09:00:47-07:00,0,0
projects/projects.js,17,js,423544ab,Anna Rosenbaum,2026-04-30,09:00:47,-07:00,2026-04-30T09:00:47-07:00,0,38
projects/projects.js,18,js,423544ab,Anna Rosenbaum,2026-04-30,09:00:47,-07:00,2026-04-30T09:00:47-07:00,1,29
projects/projects.js,19,js,423544ab,Anna Rosenbaum,2026-04-30,09:00:47,-07:00,2026-04-30T09:00:47-07:00,2,12
projects/projects.js,20,js,423544ab,Anna Rosenbaum,2026-04-30,09:00:47,-07:00,2026-04-30T09:00:47-07:00,2,14
projects/projects.js,21,js,423544ab,Anna Rosenbaum,2026-04-30,09:00:47,-07:00,2026-04-30T09:00:47-07:00,2,12
projects/projects.js,22,js,423544ab,Anna Rosenbaum,2026-04-30,09:00:47,-07:00,2026-04-30T09:00:47-07:00,1,0
projects/projects.js,23,js,423544ab,Anna Rosenbaum,2026-04-30,09:00:47,-07:00,2026-04-30T09:00:47-07:00,0,0
projects/projects.js,24,js,423544ab,Anna Rosenbaum,2026-04-30,09:00:47,-07:00,2026-04-30T09:00:47-07:00,1,50
projects/projects.js,25,js,423544ab,Anna Rosenbaum,2026-04-30,09:00:47,-07:00,2026-04-30T09:00:47-07:00,2,35
projects/projects.js,26,js,423544ab,Anna Rosenbaum,2026-04-30,09:00:47,-07:00,2026-04-30T09:00:47-07:00,1,1
projects/projects.js,27,js,423544ab,Anna Rosenbaum,2026-04-30,09:00:47,-07:00,2026-04-30T09:00:47-07:00,0,0
projects/projects.js,28,js,423544ab,Anna Rosenbaum,2026-04-30,09:00:47,-07:00,2026-04-30T09:00:47-07:00,1,53
projects/projects.js,29,js,423544ab,Anna Rosenbaum,2026-04-30,09:00:47,-07:00,2026-04-30T09:00:47-07:00,1,42
projects/projects.js,30,js,423544ab,Anna Rosenbaum,2026-04-30,09:00:47,-07:00,2026-04-30T09:00:47-07:00,1,51
projects/projects.js,31,js,423544ab,Anna Rosenbaum,2026-04-30,09:00:47,-07:00,2026-04-30T09:00:47-07:00,0,0
projects/projects.js,32,js,423544ab,Anna Rosenbaum,2026-04-30,09:00:47,-07:00,2026-04-30T09:00:47-07:00,1,25
projects/projects.js,33,js,423544ab,Anna Rosenbaum,2026-04-30,09:00:47,-07:00,2026-04-30T09:00:47-07:00,1,29
projects/projects.js,34,js,423544ab,Anna Rosenbaum,2026-04-30,09:00:47,-07:00,2026-04-30T09:00:47-07:00,0,0
projects/projects.js,35,js,423544ab,Anna Rosenbaum,2026-04-30,09:00:47,-07:00,2026-04-30T09:00:47-07:00,1,32
projects/projects.js,36,js,423544ab,Anna Rosenbaum,2026-04-30,09:00:47,-07:00,2026-04-30T09:00:47-07:00,1,30
projects/projects.js,37,js,423544ab,Anna Rosenbaum,2026-04-30,09:00:47,-07:00,2026-04-30T09:00:47-07:00,0,0
projects/projects.js,38,js,423544ab,Anna Rosenbaum,2026-04-30,09:00:47,-07:00,2026-04-30T09:00:47-07:00,1,27
projects/projects.js,39,js,423544ab,Anna Rosenbaum,2026-04-30,09:00:47,-07:00,2026-04-30T09:00:47-07:00,2,1
projects/projects.js,40,js,423544ab,Anna Rosenbaum,2026-04-30,09:00:47,-07:00,2026-04-30T09:00:47-07:00,3,13
projects/projects.js,41,js,423544ab,Anna Rosenbaum,2026-04-30,09:00:47,-07:00,2026-04-30T09:00:47-07:00,3,13
projects/projects.js,42,js,423544ab,Anna Rosenbaum,2026-04-30,09:00:47,-07:00,2026-04-30T09:00:47-07:00,3,22
projects/projects.js,43,js,423544ab,Anna Rosenbaum,2026-04-30,09:00:47,-07:00,2026-04-30T09:00:47-07:00,3,18
projects/projects.js,44,js,423544ab,Anna Rosenbaum,2026-04-30,09:00:47,-07:00,2026-04-30T09:00:47-07:00,4,43
projects/projects.js,45,js,423544ab,Anna Rosenbaum,2026-04-30,09:00:47,-07:00,2026-04-30T09:00:47-07:00,0,0
projects/projects.js,46,js,423544ab,Anna Rosenbaum,2026-04-30,09:00:47,-07:00,2026-04-30T09:00:47-07:00,4,19
projects/projects.js,47,js,423544ab,Anna Rosenbaum,2026-04-30,09:00:47,-07:00,2026-04-30T09:00:47-07:00,5,66
projects/projects.js,48,js,423544ab,Anna Rosenbaum,2026-04-30,09:00:47,-07:00,2026-04-30T09:00:47-07:00,0,0
projects/projects.js,49,js,423544ab,Anna Rosenbaum,2026-04-30,09:00:47,-07:00,2026-04-30T09:00:47-07:00,4,20
projects/projects.js,50,js,423544ab,Anna Rosenbaum,2026-04-30,09:00:47,-07:00,2026-04-30T09:00:47-07:00,5,89
projects/projects.js,51,js,423544ab,Anna Rosenbaum,2026-04-30,09:00:47,-07:00,2026-04-30T09:00:47-07:00,0,0
projects/projects.js,52,js,423544ab,Anna Rosenbaum,2026-04-30,09:00:47,-07:00,2026-04-30T09:00:47-07:00,4,25
projects/projects.js,53,js,423544ab,Anna Rosenbaum,2026-04-30,09:00:47,-07:00,2026-04-30T09:00:47-07:00,5,51
projects/projects.js,54,js,423544ab,Anna Rosenbaum,2026-04-30,09:00:47,-07:00,2026-04-30T09:00:47-07:00,6,59
projects/projects.js,55,js,423544ab,Anna Rosenbaum,2026-04-30,09:00:47,-07:00,2026-04-30T09:00:47-07:00,6,42
projects/projects.js,56,js,423544ab,Anna Rosenbaum,2026-04-30,09:00:47,-07:00,2026-04-30T09:00:47-07:00,5,1
projects/projects.js,57,js,423544ab,Anna Rosenbaum,2026-04-30,09:00:47,-07:00,2026-04-30T09:00:47-07:00,5,56
projects/projects.js,58,js,423544ab,Anna Rosenbaum,2026-04-30,09:00:47,-07:00,2026-04-30T09:00:47-07:00,4,6
projects/projects.js,59,js,423544ab,Anna Rosenbaum,2026-04-30,09:00:47,-07:00,2026-04-30T09:00:47-07:00,5,46
projects/projects.js,60,js,423544ab,Anna Rosenbaum,2026-04-30,09:00:47,-07:00,2026-04-30T09:00:47-07:00,5,51
projects/projects.js,61,js,423544ab,Anna Rosenbaum,2026-04-30,09:00:47,-07:00,2026-04-30T09:00:47-07:00,6,46
projects/projects.js,62,js,423544ab,Anna Rosenbaum,2026-04-30,09:00:47,-07:00,2026-04-30T09:00:47-07:00,6,59
projects/projects.js,63,js,423544ab,Anna Rosenbaum,2026-04-30,09:00:47,-07:00,2026-04-30T09:00:47-07:00,6,54
projects/projects.js,64,js,423544ab,Anna Rosenbaum,2026-04-30,09:00:47,-07:00,2026-04-30T09:00:47-07:00,6,33
projects/projects.js,65,js,423544ab,Anna Rosenbaum,2026-04-30,09:00:47,-07:00,2026-04-30T09:00:47-07:00,5,1
projects/projects.js,66,js,423544ab,Anna Rosenbaum,2026-04-30,09:00:47,-07:00,2026-04-30T09:00:47-07:00,5,56
projects/projects.js,67,js,423544ab,Anna Rosenbaum,2026-04-30,09:00:47,-07:00,2026-04-30T09:00:47-07:00,4,0
projects/projects.js,68,js,423544ab,Anna Rosenbaum,2026-04-30,09:00:47,-07:00,2026-04-30T09:00:47-07:00,3,1
projects/projects.js,69,js,423544ab,Anna Rosenbaum,2026-04-30,09:00:47,-07:00,2026-04-30T09:00:47-07:00,1,1
projects/projects.js,70,js,423544ab,Anna Rosenbaum,2026-04-30,09:00:47,-07:00,2026-04-30T09:00:47-07:00,0,0
projects/projects.js,71,js,423544ab,Anna Rosenbaum,2026-04-30,09:00:47,-07:00,2026-04-30T09:00:47-07:00,1,27
projects/projects.js,72,js,423544ab,Anna Rosenbaum,2026-04-30,09:00:47,-07:00,2026-04-30T09:00:47-07:00,2,4
projects/projects.js,73,js,423544ab,Anna Rosenbaum,2026-04-30,09:00:47,-07:00,2026-04-30T09:00:47-07:00,3,11
projects/projects.js,74,js,423544ab,Anna Rosenbaum,2026-04-30,09:00:47,-07:00,2026-04-30T09:00:47-07:00,3,27
projects/projects.js,75,js,423544ab,Anna Rosenbaum,2026-04-30,09:00:47,-07:00,2026-04-30T09:00:47-07:00,3,38
projects/projects.js,76,js,423544ab,Anna Rosenbaum,2026-04-30,09:00:47,-07:00,2026-04-30T09:00:47-07:00,3,69
projects/projects.js,77,js,423544ab,Anna Rosenbaum,2026-04-30,09:00:47,-07:00,2026-04-30T09:00:47-07:00,1,1
projects/projects.js,78,js,423544ab,Anna Rosenbaum,2026-04-30,09:00:47,-07:00,2026-04-30T09:00:47-07:00,0,0
projects/projects.js,79,js,423544ab,Anna Rosenbaum,2026-04-30,09:00:47,-07:00,2026-04-30T09:00:47-07:00,0,0
projects/projects.js,80,js,423544ab,Anna Rosenbaum,2026-04-30,09:00:47,-07:00,2026-04-30T09:00:47-07:00,0,23
projects/projects.js,81,js,423544ab,Anna Rosenbaum,2026-04-30,09:00:47,-07:00,2026-04-30T09:00:47-07:00,0,48
projects/projects.js,82,js,14720066,Anna Rosenbaum,2026-04-30,08:55:05,-07:00,2026-04-30T08:55:05-07:00,0,0
projects/projects.js,83,js,423544ab,Anna Rosenbaum,2026-04-30,09:00:47,-07:00,2026-04-30T09:00:47-07:00,0,53
projects/projects.js,84,js,423544ab,Anna Rosenbaum,2026-04-30,09:00:47,-07:00,2026-04-30T09:00:47-07:00,0,48
projects/projects.js,85,js,423544ab,Anna Rosenbaum,2026-04-30,09:00:47,-07:00,2026-04-30T09:00:47-07:00,1,25
projects/projects.js,86,js,423544ab,Anna Rosenbaum,2026-04-30,09:00:47,-07:00,2026-04-30T09:00:47-07:00,1,51
projects/projects.js,87,js,423544ab,Anna Rosenbaum,2026-04-30,09:00:47,-07:00,2026-04-30T09:00:47-07:00,2,59
projects/projects.js,88,js,423544ab,Anna Rosenbaum,2026-04-30,09:00:47,-07:00,2026-04-30T09:00:47-07:00,2,42
projects/projects.js,89,js,423544ab,Anna Rosenbaum,2026-04-30,09:00:47,-07:00,2026-04-30T09:00:47-07:00,1,1
projects/projects.js,90,js,423544ab,Anna Rosenbaum,2026-04-30,09:00:47,-07:00,2026-04-30T09:00:47-07:00,1,56
projects/projects.js,91,js,423544ab,Anna Rosenbaum,2026-04-30,09:00:47,-07:00,2026-04-30T09:00:47-07:00,1,31
projects/projects.js,92,js,14720066,Anna Rosenbaum,2026-04-30,08:55:05,-07:00,2026-04-30T08:55:05-07:00,0,1
projects/index.html,1,html,4fca7e95,Anna Rosenbaum,2026-04-02,09:17:05,-07:00,2026-04-02T09:17:05-07:00,0,13
projects/index.html,2,html,4fca7e95,Anna Rosenbaum,2026-04-02,09:17:05,-07:00,2026-04-02T09:17:05-07:00,0,14
projects/index.html,3,html,4fca7e95,Anna Rosenbaum,2026-04-02,09:17:05,-07:00,2026-04-02T09:17:05-07:00,0,4
projects/index.html,4,html,4fca7e95,Anna Rosenbaum,2026-04-02,09:17:05,-07:00,2026-04-02T09:17:05-07:00,2,20
projects/index.html,5,html,4fca7e95,Anna Rosenbaum,2026-04-02,09:17:05,-07:00,2026-04-02T09:17:05-07:00,2,68
projects/index.html,6,html,4fca7e95,Anna Rosenbaum,2026-04-02,09:17:05,-07:00,2026-04-02T09:17:05-07:00,2,37
projects/index.html,7,html,6e1b67d1,Anna Rosenbaum,2026-04-09,15:04:51,-07:00,2026-04-09T15:04:51-07:00,2,40
projects/index.html,8,html,4fca7e95,Anna Rosenbaum,2026-04-02,09:17:05,-07:00,2026-04-02T09:17:05-07:00,0,5
projects/index.html,9,html,4fca7e95,Anna Rosenbaum,2026-04-02,09:17:05,-07:00,2026-04-02T09:17:05-07:00,0,4
projects/index.html,10,html,c8bec5ef,Anna Rosenbaum,2026-04-21,08:37:43,-07:00,2026-04-21T08:37:43-07:00,0,38
projects/index.html,11,html,423544ab,Anna Rosenbaum,2026-04-30,09:00:47,-07:00,2026-04-30T09:00:47-07:00,0,21
projects/index.html,12,html,423544ab,Anna Rosenbaum,2026-04-30,09:00:47,-07:00,2026-04-30T09:00:47-07:00,1,58
projects/index.html,13,html,423544ab,Anna Rosenbaum,2026-04-30,09:00:47,-07:00,2026-04-30T09:00:47-07:00,1,22
projects/index.html,14,html,d9bbc1f9,Anna Rosenbaum,2026-04-09,15:13:46,-07:00,2026-04-09T15:13:46-07:00,0,4
projects/index.html,15,html,423544ab,Anna Rosenbaum,2026-04-30,09:00:47,-07:00,2026-04-30T09:00:47-07:00,0,101
projects/index.html,16,html,423544ab,Anna Rosenbaum,2026-04-30,09:00:47,-07:00,2026-04-30T09:00:47-07:00,0,26
projects/index.html,17,html,8d2c0203,Anna Rosenbaum,2026-04-17,08:44:54,-07:00,2026-04-17T08:44:54-07:00,0,48
projects/index.html,18,html,c8bec5ef,Anna Rosenbaum,2026-04-21,08:37:43,-07:00,2026-04-21T08:37:43-07:00,0,47
projects/index.html,19,html,4fca7e95,Anna Rosenbaum,2026-04-02,09:17:05,-07:00,2026-04-02T09:17:05-07:00,0,5
projects/index.html,20,html,4fca7e95,Anna Rosenbaum,2026-04-02,09:17:05,-07:00,2026-04-02T09:17:05-07:00,0,5
contact/index.html,1,html,4fca7e95,Anna Rosenbaum,2026-04-02,09:17:05,-07:00,2026-04-02T09:17:05-07:00,0,13
contact/index.html,2,html,4fca7e95,Anna Rosenbaum,2026-04-02,09:17:05,-07:00,2026-04-02T09:17:05-07:00,0,14
contact/index.html,3,html,4fca7e95,Anna Rosenbaum,2026-04-02,09:17:05,-07:00,2026-04-02T09:17:05-07:00,0,4
contact/index.html,4,html,4fca7e95,Anna Rosenbaum,2026-04-02,09:17:05,-07:00,2026-04-02T09:17:05-07:00,2,20
contact/index.html,5,html,4fca7e95,Anna Rosenbaum,2026-04-02,09:17:05,-07:00,2026-04-02T09:17:05-07:00,2,68
contact/index.html,6,html,4fca7e95,Anna Rosenbaum,2026-04-02,09:17:05,-07:00,2026-04-02T09:17:05-07:00,2,36
contact/index.html,7,html,6e1b67d1,Anna Rosenbaum,2026-04-09,15:04:51,-07:00,2026-04-09T15:04:51-07:00,2,40
contact/index.html,8,html,4fca7e95,Anna Rosenbaum,2026-04-02,09:17:05,-07:00,2026-04-02T09:17:05-07:00,0,5
contact/index.html,9,html,4fca7e95,Anna Rosenbaum,2026-04-02,09:17:05,-07:00,2026-04-02T09:17:05-07:00,0,4
contact/index.html,10,html,4fca7e95,Anna Rosenbaum,2026-04-02,09:17:05,-07:00,2026-04-02T09:17:05-07:00,0,0
contact/index.html,11,html,4fca7e95,Anna Rosenbaum,2026-04-02,09:17:05,-07:00,2026-04-02T09:17:05-07:00,2,14
contact/index.html,12,html,11a26766,Anna Rosenbaum,2026-04-02,09:22:42,-07:00,2026-04-02T09:22:42-07:00,2,39
contact/index.html,13,html,fc8417d8,Anna Rosenbaum,2026-04-17,08:58:15,-07:00,2026-04-17T08:58:15-07:00,2,41
contact/index.html,14,html,fc8417d8,Anna Rosenbaum,2026-04-17,08:58:15,-07:00,2026-04-17T08:58:15-07:00,1,5
contact/index.html,15,html,fc8417d8,Anna Rosenbaum,2026-04-17,08:58:15,-07:00,2026-04-17T08:58:15-07:00,2,6
contact/index.html,16,html,fc8417d8,Anna Rosenbaum,2026-04-17,08:58:15,-07:00,2026-04-17T08:58:15-07:00,2,20
contact/index.html,17,html,fc8417d8,Anna Rosenbaum,2026-04-17,08:58:15,-07:00,2026-04-17T08:58:15-07:00,1,6
contact/index.html,18,html,fc8417d8,Anna Rosenbaum,2026-04-17,08:58:15,-07:00,2026-04-17T08:58:15-07:00,1,5
contact/index.html,19,html,fc8417d8,Anna Rosenbaum,2026-04-17,08:58:15,-07:00,2026-04-17T08:58:15-07:00,2,6
contact/index.html,20,html,fc8417d8,Anna Rosenbaum,2026-04-17,08:58:15,-07:00,2026-04-17T08:58:15-07:00,2,76
contact/index.html,21,html,fc8417d8,Anna Rosenbaum,2026-04-17,08:58:15,-07:00,2026-04-17T08:58:15-07:00,1,6
contact/index.html,22,html,fc8417d8,Anna Rosenbaum,2026-04-17,08:58:15,-07:00,2026-04-17T08:58:15-07:00,1,19
contact/index.html,23,html,11a26766,Anna Rosenbaum,2026-04-02,09:22:42,-07:00,2026-04-02T09:22:42-07:00,0,5
contact/index.html,24,html,8d2c0203,Anna Rosenbaum,2026-04-17,08:44:54,-07:00,2026-04-17T08:44:54-07:00,0,48
contact/index.html,25,html,4fca7e95,Anna Rosenbaum,2026-04-02,09:17:05,-07:00,2026-04-02T09:17:05-07:00,0,5
contact/index.html,26,html,4fca7e95,Anna Rosenbaum,2026-04-02,09:17:05,-07:00,2026-04-02T09:17:05-07:00,0,5
